{"coverage": 76.44991212653778, "raw_data": {"meta": {"format": 2, "version": "7.4.4", "timestamp": "2024-03-16T22:07:04.155695", "branch_coverage": false, "show_contexts": false}, "files": {"python/godrick/__init__.py": {"executed_lines": [1], "summary": {"covered_lines": 0, "num_statements": 0, "percent_covered": 100.0, "percent_covered_display": "100", "missing_lines": 0, "excluded_lines": 0}, "missing_lines": [], "excluded_lines": []}, "python/godrick/communicator.py": {"executed_lines": [1, 2, 4, 5, 6, 8, 9, 10, 12, 13, 24, 27, 30, 33, 36, 40, 44, 55, 58, 61, 66, 67, 75, 84, 88, 92], "summary": {"covered_lines": 26, "num_statements": 72, "percent_covered": 36.111111111111114, "percent_covered_display": "36", "missing_lines": 46, "excluded_lines": 0}, "missing_lines": [14, 15, 16, 17, 18, 19, 21, 25, 28, 31, 34, 37, 38, 41, 42, 45, 46, 47, 48, 49, 50, 51, 53, 56, 59, 62, 63, 64, 68, 69, 70, 71, 72, 73, 76, 77, 78, 79, 80, 81, 82, 85, 86, 89, 90, 93], "excluded_lines": []}, "python/godrick/computeResources.py": {"executed_lines": [1, 2, 3, 4, 7, 8, 11, 14, 15, 16, 17, 18, 19, 21, 22, 24, 26, 27, 28, 29, 31, 32, 34, 41, 42, 43, 44, 45, 46, 48, 50, 51, 53, 54, 56, 57, 59, 60, 62, 63, 64, 65, 66, 67, 68, 69, 70, 71, 73, 75, 76, 77, 78, 79, 80, 81, 82, 83, 85, 86, 88, 89, 90, 91, 93, 94, 95, 96, 97, 98, 99, 100, 105, 107, 108, 110, 111, 112, 114, 116, 119, 120, 121, 122, 123, 124, 125, 127, 128, 129, 130, 131, 133, 134, 135, 136, 137, 140, 141, 142, 143, 144, 146, 147, 148, 149, 150, 151, 152, 154, 155, 156, 157, 159, 160, 162, 163, 164, 165, 166, 167, 168, 170, 171, 173, 174, 175, 177, 179, 180, 181, 184, 185, 186, 187, 188, 189, 190, 191, 193, 194, 197, 201, 202, 203, 204, 206, 207, 209, 210, 211, 212, 213, 214, 215, 217, 218, 219, 220, 222, 223, 224, 225, 226, 227, 229, 231, 232, 233, 234, 235, 237, 238, 239, 240, 241, 243, 244, 245, 246, 247], "summary": {"covered_lines": 181, "num_statements": 198, "percent_covered": 91.41414141414141, "percent_covered_display": "91", "missing_lines": 17, "excluded_lines": 0}, "missing_lines": [9, 12, 23, 25, 30, 35, 36, 37, 38, 39, 117, 161, 182, 195, 198, 205, 216], "excluded_lines": []}, "python/godrick/launcher.py": {"executed_lines": [1, 2, 3, 4, 5, 7, 8, 10, 11, 12, 14, 15, 16, 19, 20, 21, 23, 24, 25, 26, 29, 30, 32, 33, 36, 40, 42, 43, 44, 45, 46, 48, 49, 50, 53, 54, 57, 70, 97, 98, 99, 100, 103, 104, 105, 106, 109, 110, 111, 112, 113, 116, 121, 125, 127, 128, 129, 130, 131, 132, 133, 137, 139, 140, 142, 143, 144, 145, 147, 150, 151, 152, 154, 156, 158, 160, 161, 163, 164, 165, 166, 168, 169, 170, 172, 173, 174, 175, 176, 178, 180, 182, 184, 185, 187, 188, 189, 190, 192, 193, 194, 196, 197, 198, 199, 200, 202, 204, 208, 209, 210, 212, 213, 214], "summary": {"covered_lines": 114, "num_statements": 144, "percent_covered": 79.16666666666667, "percent_covered_display": "79", "missing_lines": 30, "excluded_lines": 0}, "missing_lines": [17, 31, 34, 37, 58, 59, 61, 62, 64, 65, 68, 72, 75, 76, 77, 78, 81, 82, 83, 84, 87, 88, 89, 90, 91, 94, 135, 148, 171, 195], "excluded_lines": []}, "python/godrick/port.py": {"executed_lines": [1, 2, 7, 11, 14, 17, 18, 21, 22], "summary": {"covered_lines": 9, "num_statements": 18, "percent_covered": 50.0, "percent_covered_display": "50", "missing_lines": 9, "excluded_lines": 0}, "missing_lines": [3, 4, 5, 8, 9, 12, 15, 19, 23], "excluded_lines": []}, "python/godrick/task.py": {"executed_lines": [1, 2, 3, 5, 6, 7, 9, 10, 11, 12, 13, 14, 15, 16, 17, 19, 22, 23, 25, 26, 28, 29, 31, 32, 34, 35, 37, 38, 39, 40, 41, 42, 43, 45, 46, 48, 49, 51, 53, 58, 63, 68, 73, 74, 77, 78, 79, 80, 81, 83, 84, 85, 86, 90, 91, 93, 94, 96, 97, 98, 100, 103, 106, 107, 108, 109, 111], "summary": {"covered_lines": 67, "num_statements": 83, "percent_covered": 80.72289156626506, "percent_covered_display": "81", "missing_lines": 16, "excluded_lines": 0}, "missing_lines": [50, 54, 55, 56, 59, 60, 61, 64, 65, 66, 69, 70, 71, 75, 101, 104], "excluded_lines": []}, "python/godrick/workflow.py": {"executed_lines": [1, 2, 3, 4, 5, 6, 8, 9, 10, 11, 12, 14, 15, 17, 19, 32, 33, 35, 40, 41, 43, 44, 46, 47, 49, 50, 52, 53, 54, 56, 58, 59, 64, 65, 68, 69, 70, 71], "summary": {"covered_lines": 38, "num_statements": 54, "percent_covered": 70.37037037037037, "percent_covered_display": "70", "missing_lines": 16, "excluded_lines": 0}, "missing_lines": [16, 21, 22, 25, 26, 27, 28, 30, 36, 37, 38, 55, 60, 61, 62, 66], "excluded_lines": []}}, "totals": {"covered_lines": 435, "num_statements": 569, "percent_covered": 76.44991212653778, "percent_covered_display": "76", "missing_lines": 134, "excluded_lines": 0}}, "coverage_path": "."}