{"coverage": 92.56756756756756, "raw_data": {"meta": {"format": 2, "version": "7.4.4", "timestamp": "2024-03-18T01:46:47.235495", "branch_coverage": false, "show_contexts": false}, "files": {"python/godrick/__init__.py": {"executed_lines": [1], "summary": {"covered_lines": 0, "num_statements": 0, "percent_covered": 100.0, "percent_covered_display": "100", "missing_lines": 0, "excluded_lines": 0}, "missing_lines": [], "excluded_lines": []}, "python/godrick/communicator.py": {"executed_lines": [1, 2, 4, 5, 6, 8, 9, 10, 12, 13, 14, 15, 16, 17, 18, 19, 21, 24, 25, 27, 28, 30, 31, 33, 34, 36, 37, 38, 40, 41, 42, 44, 45, 46, 47, 48, 49, 50, 51, 53, 55, 56, 58, 59, 61, 62, 64, 66, 67, 68, 69, 70, 71, 72, 73, 75, 76, 77, 78, 79, 80, 81, 82, 84, 85, 86, 88, 89, 90, 92], "summary": {"covered_lines": 70, "num_statements": 72, "percent_covered": 97.22222222222223, "percent_covered_display": "97", "missing_lines": 2, "excluded_lines": 0}, "missing_lines": [63, 93], "excluded_lines": []}, "python/godrick/computeResources.py": {"executed_lines": [1, 2, 3, 4, 7, 8, 11, 14, 15, 16, 17, 18, 19, 21, 22, 24, 26, 27, 28, 29, 31, 32, 34, 41, 42, 43, 44, 45, 46, 48, 50, 51, 53, 54, 56, 57, 59, 60, 62, 63, 64, 65, 66, 67, 68, 69, 70, 71, 73, 75, 76, 77, 78, 79, 80, 81, 82, 83, 85, 86, 88, 89, 90, 91, 93, 94, 95, 96, 97, 98, 99, 100, 105, 107, 108, 110, 111, 112, 114, 116, 119, 120, 121, 122, 123, 124, 125, 127, 128, 129, 130, 131, 133, 134, 135, 136, 137, 140, 141, 142, 143, 144, 146, 147, 148, 149, 150, 151, 152, 154, 155, 156, 157, 159, 160, 162, 163, 164, 165, 166, 167, 168, 170, 171, 173, 174, 175, 177, 179, 180, 181, 184, 185, 186, 187, 188, 189, 190, 191, 193, 194, 197, 201, 202, 203, 204, 206, 207, 209, 210, 211, 212, 213, 214, 215, 217, 218, 219, 220, 222, 223, 224, 225, 226, 227, 229, 231, 232, 233, 234, 235, 237, 238, 239, 240, 241, 243, 244, 245, 246, 247], "summary": {"covered_lines": 181, "num_statements": 198, "percent_covered": 91.41414141414141, "percent_covered_display": "91", "missing_lines": 17, "excluded_lines": 0}, "missing_lines": [9, 12, 23, 25, 30, 35, 36, 37, 38, 39, 117, 161, 182, 195, 198, 205, 216], "excluded_lines": []}, "python/godrick/launcher.py": {"executed_lines": [1, 2, 3, 4, 5, 7, 8, 10, 11, 12, 13, 14, 15, 17, 18, 20, 21, 24, 25, 26, 28, 29, 30, 31, 34, 35, 37, 38, 41, 45, 47, 48, 49, 50, 51, 53, 54, 55, 58, 59, 62, 63, 66, 67, 69, 70, 73, 75, 77, 80, 81, 82, 83, 86, 87, 88, 89, 92, 93, 94, 95, 96, 99, 102, 103, 104, 105, 108, 109, 110, 111, 114, 115, 116, 117, 118, 121, 126, 130, 132, 133, 134, 135, 136, 137, 138, 142, 144, 145, 147, 148, 149, 150, 152, 155, 156, 157, 159, 161, 163, 165, 166, 168, 169, 170, 171, 173, 174, 175, 177, 178, 179, 180, 181, 183, 185, 187, 189, 190, 192, 193, 194, 195, 197, 198, 199, 201, 202, 203, 204, 205, 207, 209, 211, 213, 214, 216, 217, 219, 220, 223, 224, 225, 226, 228, 230, 231, 233, 234, 236, 237, 238, 239, 240], "summary": {"covered_lines": 154, "num_statements": 163, "percent_covered": 94.47852760736197, "percent_covered_display": "94", "missing_lines": 9, "excluded_lines": 0}, "missing_lines": [22, 36, 39, 42, 64, 140, 153, 176, 200], "excluded_lines": []}, "python/godrick/port.py": {"executed_lines": [1, 2, 3, 4, 5, 7, 11, 12, 14, 15, 17, 18, 19, 21, 22, 23], "summary": {"covered_lines": 16, "num_statements": 18, "percent_covered": 88.88888888888889, "percent_covered_display": "89", "missing_lines": 2, "excluded_lines": 0}, "missing_lines": [8, 9], "excluded_lines": []}, "python/godrick/task.py": {"executed_lines": [1, 2, 3, 5, 6, 7, 9, 10, 11, 12, 13, 14, 15, 16, 17, 19, 22, 23, 25, 26, 28, 29, 31, 32, 34, 35, 37, 38, 39, 40, 41, 42, 43, 45, 46, 48, 49, 51, 53, 54, 56, 58, 59, 61, 63, 64, 66, 68, 69, 71, 73, 74, 77, 78, 79, 80, 81, 83, 84, 85, 86, 90, 91, 93, 94, 96, 97, 98, 100, 101, 103, 104, 106, 107, 108, 109, 111], "summary": {"covered_lines": 77, "num_statements": 83, "percent_covered": 92.7710843373494, "percent_covered_display": "93", "missing_lines": 6, "excluded_lines": 0}, "missing_lines": [50, 55, 60, 65, 70, 75], "excluded_lines": []}, "python/godrick/workflow.py": {"executed_lines": [1, 2, 3, 4, 5, 6, 8, 9, 10, 11, 12, 14, 15, 17, 19, 21, 25, 27, 30, 32, 33, 35, 36, 38, 40, 41, 43, 44, 46, 47, 49, 50, 52, 53, 54, 56, 58, 59, 60, 62, 64, 65, 68, 69, 70, 71, 73, 74, 75, 76], "summary": {"covered_lines": 50, "num_statements": 58, "percent_covered": 86.20689655172414, "percent_covered_display": "86", "missing_lines": 8, "excluded_lines": 0}, "missing_lines": [16, 22, 26, 28, 37, 55, 61, 66], "excluded_lines": []}}, "totals": {"covered_lines": 548, "num_statements": 592, "percent_covered": 92.56756756756756, "percent_covered_display": "93", "missing_lines": 44, "excluded_lines": 0}}, "coverage_path": "."}