{"coverage": 91.86746987951807, "raw_data": {"meta": {"format": 2, "version": "7.4.4", "timestamp": "2024-03-22T18:08:52.415480", "branch_coverage": false, "show_contexts": false}, "files": {"python/godrick/__init__.py": {"executed_lines": [1], "summary": {"covered_lines": 0, "num_statements": 0, "percent_covered": 100.0, "percent_covered_display": "100", "missing_lines": 0, "excluded_lines": 0}, "missing_lines": [], "excluded_lines": []}, "python/godrick/communicator.py": {"executed_lines": [1, 2, 3, 4, 6, 7, 8, 10, 11, 12, 14, 15, 16, 18, 19, 20, 21, 22, 23, 24, 25, 27, 30, 31, 33, 34, 36, 37, 39, 40, 42, 43, 44, 46, 47, 48, 50, 51, 52, 53, 54, 55, 56, 57, 59, 61, 62, 64, 65, 67, 68, 70, 72, 73, 74, 75, 76, 77, 78, 79, 81, 82, 83, 84, 85, 86, 87, 88, 90, 91, 92, 94, 95, 96, 98, 101, 102, 103, 104, 105, 107, 108, 109, 110, 111, 113, 116, 117, 118, 119, 121, 122], "summary": {"covered_lines": 92, "num_statements": 102, "percent_covered": 90.19607843137256, "percent_covered_display": "90", "missing_lines": 10, "excluded_lines": 0}, "missing_lines": [69, 99, 114, 120, 123, 124, 125, 126, 127, 129], "excluded_lines": []}, "python/godrick/computeResources.py": {"executed_lines": [1, 2, 3, 4, 7, 8, 11, 14, 15, 16, 17, 18, 19, 21, 22, 24, 26, 27, 28, 29, 31, 32, 34, 41, 42, 43, 44, 45, 46, 48, 50, 51, 53, 54, 56, 57, 59, 60, 62, 63, 64, 65, 66, 67, 68, 69, 70, 71, 73, 75, 76, 77, 78, 79, 80, 81, 82, 83, 85, 86, 88, 89, 90, 91, 93, 94, 95, 96, 97, 98, 99, 100, 105, 107, 108, 110, 111, 112, 114, 116, 119, 120, 121, 122, 123, 124, 125, 127, 128, 129, 130, 131, 133, 134, 135, 136, 137, 140, 141, 142, 143, 144, 146, 147, 148, 149, 150, 151, 152, 154, 155, 156, 157, 159, 160, 162, 163, 164, 165, 166, 167, 168, 170, 171, 173, 174, 175, 177, 179, 180, 181, 184, 185, 186, 187, 188, 189, 190, 191, 193, 194, 197, 201, 202, 203, 204, 206, 207, 209, 210, 211, 212, 213, 214, 215, 217, 218, 219, 220, 222, 223, 224, 225, 226, 227, 229, 231, 232, 233, 234, 235, 237, 238, 239, 240, 241, 243, 244, 245, 246, 247], "summary": {"covered_lines": 181, "num_statements": 198, "percent_covered": 91.41414141414141, "percent_covered_display": "91", "missing_lines": 17, "excluded_lines": 0}, "missing_lines": [9, 12, 23, 25, 30, 35, 36, 37, 38, 39, 117, 161, 182, 195, 198, 205, 216], "excluded_lines": []}, "python/godrick/launcher.py": {"executed_lines": [1, 2, 3, 4, 5, 7, 8, 10, 11, 12, 13, 14, 15, 17, 18, 20, 21, 24, 25, 26, 28, 29, 30, 31, 34, 35, 37, 38, 41, 45, 47, 48, 49, 50, 51, 53, 54, 55, 58, 59, 62, 63, 64, 66, 67, 69, 70, 73, 75, 77, 80, 81, 82, 83, 86, 87, 88, 89, 92, 93, 94, 95, 96, 99, 102, 103, 104, 105, 108, 109, 110, 111, 114, 115, 116, 117, 118, 121, 126, 128, 129, 130, 131, 132, 133, 134, 138, 140, 141, 143, 144, 145, 146, 148, 151, 152, 153, 156, 157, 159, 161, 163, 165, 166, 168, 169, 170, 171, 173, 174, 175, 177, 178, 179, 180, 181, 184, 185, 187, 189, 191, 193, 194, 196, 197, 198, 199, 201, 202, 203, 205, 206, 207, 208, 209, 212, 213, 215, 217, 219, 221, 222, 224, 225, 227, 228, 230, 231, 232, 234, 236, 238, 239, 241, 242, 245, 246, 249, 252, 254, 255, 257, 258, 259, 260, 262, 265, 266, 269, 270, 275, 278, 279, 280, 282, 283, 284, 285, 286], "summary": {"covered_lines": 179, "num_statements": 187, "percent_covered": 95.72192513368984, "percent_covered_display": "96", "missing_lines": 8, "excluded_lines": 0}, "missing_lines": [22, 36, 39, 42, 136, 149, 176, 204], "excluded_lines": []}, "python/godrick/port.py": {"executed_lines": [1, 4, 5, 6, 7, 8, 10, 14, 15, 17, 18, 20, 23, 24, 25, 27, 28, 29], "summary": {"covered_lines": 18, "num_statements": 21, "percent_covered": 85.71428571428571, "percent_covered_display": "86", "missing_lines": 3, "excluded_lines": 0}, "missing_lines": [11, 12, 21], "excluded_lines": []}, "python/godrick/task.py": {"executed_lines": [1, 3, 4, 5, 6, 8, 9, 10, 12, 13, 14, 15, 17, 18, 19, 20, 21, 22, 23, 24, 25, 27, 30, 31, 33, 34, 36, 37, 39, 40, 42, 43, 45, 46, 47, 48, 49, 50, 51, 53, 54, 56, 57, 59, 61, 62, 64, 66, 67, 69, 71, 72, 74, 76, 77, 79, 81, 84, 85, 88, 89, 90, 91, 92, 94, 95, 96, 97, 101, 102, 104, 106, 107, 109, 110, 111, 113, 114, 116, 117, 119, 120, 121, 122, 124, 126, 127, 129, 130, 132], "summary": {"covered_lines": 90, "num_statements": 98, "percent_covered": 91.83673469387755, "percent_covered_display": "92", "missing_lines": 8, "excluded_lines": 0}, "missing_lines": [58, 63, 68, 73, 78, 82, 86, 131], "excluded_lines": []}, "python/godrick/workflow.py": {"executed_lines": [1, 2, 3, 4, 5, 6, 8, 9, 10, 11, 12, 14, 15, 17, 19, 21, 25, 27, 30, 32, 33, 35, 36, 38, 40, 41, 43, 44, 46, 47, 49, 50, 52, 53, 54, 56, 58, 59, 60, 62, 64, 65, 68, 69, 70, 71, 73, 74, 75, 76], "summary": {"covered_lines": 50, "num_statements": 58, "percent_covered": 86.20689655172414, "percent_covered_display": "86", "missing_lines": 8, "excluded_lines": 0}, "missing_lines": [16, 22, 26, 28, 37, 55, 61, 66], "excluded_lines": []}}, "totals": {"covered_lines": 610, "num_statements": 664, "percent_covered": 91.86746987951807, "percent_covered_display": "92", "missing_lines": 54, "excluded_lines": 0}}, "coverage_path": "."}