{"coverage": 87.77573529411765, "raw_data": {"meta": {"format": 2, "version": "7.5.0", "timestamp": "2024-05-01T22:13:30.462482", "branch_coverage": false, "show_contexts": false}, "files": {"python/godrick/__init__.py": {"executed_lines": [1], "summary": {"covered_lines": 0, "num_statements": 0, "percent_covered": 100.0, "percent_covered_display": "100", "missing_lines": 0, "excluded_lines": 0}, "missing_lines": [], "excluded_lines": []}, "python/godrick/communicator.py": {"executed_lines": [1, 3, 4, 5, 6, 7, 9, 10, 11, 13, 14, 15, 17, 18, 19, 21, 22, 23, 25, 26, 27, 28, 30, 31, 34, 35, 37, 38, 40, 41, 42, 43, 44, 46, 48, 50, 51, 52, 54, 65, 66, 68, 69, 71, 73, 76, 79, 82, 85, 88, 91, 92, 94, 97, 100, 101, 104, 105, 106, 108, 109, 110, 111, 113, 114, 116, 117, 119, 120, 122, 123, 124, 126, 127, 128, 130, 131, 133, 134, 136, 137, 139, 140, 143, 146, 149, 171, 172, 173, 174, 175, 176, 178, 180, 181, 183, 184, 185, 186, 188, 189, 191, 192, 193, 194, 195, 196, 197, 198, 200, 201, 202, 203, 204, 205, 206, 207, 208, 210, 211, 213, 215, 216, 217, 218, 219, 221, 222, 223, 225, 226, 227, 229, 232, 233, 234, 235, 236, 237, 238, 239, 241, 244, 247, 248, 250, 252, 254, 255, 257, 260, 263, 264, 265, 267, 268, 269, 271, 272, 273, 275, 277, 278, 279, 281, 283, 284, 286, 287, 289, 290, 292, 293, 295, 296, 298, 299, 301, 302, 304, 307, 308, 309, 310, 311, 312, 314, 315, 317, 318, 319, 322, 323, 324, 326, 327, 328, 329, 330, 331, 333, 334, 335, 336, 337, 338, 357, 360, 363, 366, 368, 369, 373, 379, 382, 385, 386, 387, 388, 389, 402, 403, 404, 405, 406, 407, 409, 410, 411, 412, 413, 414, 416, 417, 419, 420, 421, 424, 429, 431, 432, 435, 438, 441, 444, 445, 447, 452, 455, 456, 457, 459, 463, 464, 472, 473, 475, 476, 478, 479, 485, 486, 487, 488, 491, 493, 496, 500, 506, 508, 509, 511, 512, 516, 517, 518, 520, 521, 522, 523, 524, 527, 529, 530, 532, 533, 534, 536], "summary": {"covered_lines": 288, "num_statements": 344, "percent_covered": 83.72093023255815, "percent_covered_display": "84", "missing_lines": 56, "excluded_lines": 0}, "missing_lines": [63, 70, 74, 77, 80, 83, 86, 89, 95, 98, 141, 144, 147, 212, 230, 242, 245, 249, 251, 253, 258, 261, 285, 291, 305, 358, 364, 371, 380, 383, 391, 392, 393, 394, 395, 396, 398, 400, 425, 426, 427, 433, 436, 439, 453, 454, 466, 470, 477, 480, 492, 494, 497, 503, 528, 531], "excluded_lines": []}, "python/godrick/computeResources.py": {"executed_lines": [1, 2, 3, 4, 7, 8, 11, 14, 15, 16, 17, 18, 19, 21, 22, 24, 26, 27, 28, 29, 31, 32, 34, 41, 42, 43, 44, 45, 46, 48, 50, 51, 53, 54, 56, 57, 59, 60, 62, 63, 64, 65, 66, 67, 68, 69, 70, 71, 73, 75, 76, 77, 78, 79, 80, 81, 82, 83, 85, 86, 88, 89, 90, 91, 93, 94, 95, 96, 97, 98, 99, 100, 105, 107, 108, 110, 111, 112, 114, 116, 119, 120, 121, 122, 123, 124, 125, 127, 128, 129, 130, 131, 133, 134, 135, 136, 137, 140, 141, 142, 143, 144, 146, 147, 148, 149, 150, 151, 152, 154, 155, 156, 157, 159, 160, 162, 163, 164, 165, 166, 167, 168, 170, 182, 183, 185, 186, 187, 189, 191, 192, 193, 196, 197, 198, 199, 200, 201, 202, 203, 205, 206, 209, 213, 214, 215, 216, 218, 219, 221, 222, 223, 224, 225, 226, 227, 229, 230, 231, 232, 234, 235, 236, 237, 238, 239, 241, 243, 244, 245, 246, 247, 249, 250, 251, 252, 253, 255, 256, 257, 258, 259], "summary": {"covered_lines": 182, "num_statements": 208, "percent_covered": 87.5, "percent_covered_display": "88", "missing_lines": 26, "excluded_lines": 0}, "missing_lines": [9, 12, 23, 25, 30, 35, 36, 37, 38, 39, 117, 161, 171, 172, 173, 175, 176, 177, 178, 179, 180, 194, 207, 210, 217, 228], "excluded_lines": []}, "python/godrick/launcher.py": {"executed_lines": [1, 2, 3, 4, 5, 7, 8, 10, 11, 12, 14, 17, 21, 22, 23, 24, 25, 26, 27, 29, 30, 32, 33, 36, 37, 38, 40, 41, 42, 43, 46, 47, 49, 50, 53, 57, 59, 60, 61, 62, 63, 65, 66, 67, 70, 71, 73, 75, 78, 79, 80, 81, 84, 85, 86, 87, 90, 91, 92, 93, 94, 97, 100, 101, 102, 103, 106, 107, 108, 109, 112, 113, 114, 115, 116, 119, 121, 123, 124, 125, 126, 127, 128, 129, 133, 135, 136, 138, 139, 140, 141, 143, 146, 147, 148, 151, 152, 154, 156, 158, 160, 161, 163, 164, 165, 166, 168, 169, 170, 172, 173, 174, 175, 176, 179, 180, 182, 184, 186, 188, 189, 191, 192, 193, 194, 196, 197, 198, 200, 201, 202, 203, 204, 207, 208, 210, 212, 214, 216, 217, 219, 220, 222, 223, 225, 226, 227, 229, 232, 235, 236, 237, 239, 240, 241, 242, 244, 245, 247, 248, 251, 253, 254, 256, 257, 258, 260, 262, 264, 265, 267, 269, 272, 274, 275, 277, 278, 279, 280, 282, 285, 288, 291, 296, 299, 301, 302, 303, 305, 307, 308, 310, 312, 313, 314, 316, 317, 320, 321, 322, 324, 325, 327, 328, 329, 330, 331, 333, 334, 336, 337, 338, 339, 340], "summary": {"covered_lines": 214, "num_statements": 229, "percent_covered": 93.44978165938865, "percent_covered_display": "93", "missing_lines": 15, "excluded_lines": 0}, "missing_lines": [15, 18, 34, 48, 51, 54, 131, 144, 171, 199, 230, 233, 268, 315, 323], "excluded_lines": []}, "python/godrick/port.py": {"executed_lines": [1, 4, 5, 6, 7, 8, 10, 14, 15, 17, 18, 20, 23, 24, 25, 27, 28, 29], "summary": {"covered_lines": 18, "num_statements": 21, "percent_covered": 85.71428571428571, "percent_covered_display": "86", "missing_lines": 3, "excluded_lines": 0}, "missing_lines": [11, 12, 21], "excluded_lines": []}, "python/godrick/task.py": {"executed_lines": [1, 3, 4, 5, 6, 7, 9, 10, 11, 13, 14, 15, 16, 18, 19, 20, 21, 22, 23, 24, 25, 26, 28, 31, 32, 34, 35, 37, 38, 40, 41, 43, 44, 46, 47, 48, 49, 50, 51, 52, 53, 55, 57, 58, 59, 60, 61, 62, 63, 64, 66, 69, 70, 72, 73, 75, 78, 79, 81, 83, 84, 86, 88, 89, 91, 93, 94, 96, 98, 101, 102, 103, 105, 106, 107, 108, 109, 111, 112, 113, 114, 118, 119, 121, 123, 124, 126, 127, 128, 130, 131, 133, 134, 136, 137, 138, 139, 140, 141, 143, 145, 146, 148, 150, 151, 152, 154, 155, 157, 158, 160, 162, 163, 164, 166, 167, 168, 169, 172, 174, 175, 177, 178, 180], "summary": {"covered_lines": 124, "num_statements": 135, "percent_covered": 91.85185185185185, "percent_covered_display": "92", "missing_lines": 11, "excluded_lines": 0}, "missing_lines": [67, 74, 80, 85, 90, 95, 99, 147, 159, 173, 176], "excluded_lines": []}, "python/godrick/workflow.py": {"executed_lines": [1, 2, 3, 4, 5, 7, 8, 9, 11, 12, 13, 14, 15, 17, 18, 20, 22, 24, 27, 29, 31, 33, 34, 36, 37, 42, 44, 45, 47, 48, 50, 51, 53, 55, 56, 58, 59, 60, 61, 62, 63, 65, 66, 68, 69, 71, 72, 74, 75, 76, 77, 78, 79, 80, 81, 82, 83, 85, 87, 88, 89, 91, 93, 94, 97, 98, 99, 100, 102, 103, 104, 105, 106, 107, 108, 109, 110, 111, 112, 114, 115, 118, 119, 120, 121, 123, 124, 125, 126, 128, 129, 130, 132, 133, 136, 137, 138, 140, 142, 144, 146, 148, 151, 152, 154, 155, 157, 158, 159, 160, 162, 163, 164, 165, 167, 168, 171, 172, 173, 175, 177, 179, 181, 182, 183, 186, 187, 188, 189], "summary": {"covered_lines": 129, "num_statements": 151, "percent_covered": 85.43046357615894, "percent_covered_display": "85", "missing_lines": 22, "excluded_lines": 0}, "missing_lines": [19, 25, 30, 32, 35, 38, 40, 52, 84, 90, 95, 116, 134, 141, 143, 145, 147, 149, 169, 176, 178, 180], "excluded_lines": []}}, "totals": {"covered_lines": 955, "num_statements": 1088, "percent_covered": 87.77573529411765, "percent_covered_display": "88", "missing_lines": 133, "excluded_lines": 0}}, "coverage_path": "."}